filename,label
kwetetwvog.png,1
kayevngrps.png,23
cvledraxrj.png,3
lreahsqirb.png,1
lwrtyrzacn.png,12
szhtmxbgex.png,9
imraojkqah.png,1
qyakjpwcob.png,2
uiebzivzli.png,12
whomsyxbpz.png,3
gwbeoghmxd.png,26
pougpaexhb.png,22
czwvywbvdu.png,14
qxdfdxqfcf.png,8
clvretmorn.png,47
ghmljtdtvw.png,11
mrbivwttqg.png,6
qshqhpbvzk.png,17
jzqfojqzct.png,8
uktdrublmp.png,3
arllwtcbki.png,67
wutkbautcb.png,4
hlwrwilehi.png,12
ttzajxlxwi.png,6
zvbqdacvys.png,29
qwpkaxmizf.png,7
opevibvief.png,4
kbnmobcbdq.png,32
uchbyfqrly.png,4
fsowfwvuzr.png,20
auitwwkvxt.png,4
ehogamoswg.png,17
kzntrlshgr.png,61
dtcharwfyd.png,28
fddkjdkfxw.png,6
stktwhsdgf.png,1
szvxojzyuz.png,2
slhjrfxvla.png,3
exobsyffqn.png,3
xbynaowigy.png,18
dlbzoolfvx.png,23
sprjmrhkde.png,5
lszcfqjney.png,4
lymwhvzjlh.png,39
vliicelnhk.png,0
nllleeuyji.png,25
iugspjuafa.png,17/32
szhtmxbgex.png,9
imraojkqah.png,1
cdanfhoeua.png,190
qyakjpwcob.png,2
eelybdnqqj.png,20/32
ghmljtdtvw.png,11
mrbivwttqg.png,6
ttzajxlxwi.png,6
szvxojzyuz.png,2
dlbzoolfvx.png,23